Nodes,Pesticide_Max_Node,Refill_time,Max_num_drones,Seed,Total_time,Max_trips,Cost,Gap,Time
4.0,10.0,30.0,2.0,0.0,456.82110080121424,2.0,907.4395571360028,0.0,0.2946441173553467
4.0,10.0,30.0,2.0,1.0,398.7957398208591,2.0,1028.0796920180508,0.0,0.2492375373840332
4.0,10.0,30.0,2.0,2.0,346.12088121865855,2.0,789.5915385787118,0.0,0.3365755081176758
4.0,10.0,30.0,2.0,3.0,418.5796279527653,2.0,947.2231587238387,0.0,0.32558393478393555
4.0,10.0,30.0,2.0,4.0,502.0205857997245,2.0,1047.469678285605,0.0,0.28835082054138184
4.0,10.0,30.0,3.0,0.0,388.93127262010233,2.0,647.0254170026136,0.0,1.0615041255950928
4.0,10.0,30.0,3.0,1.0,262.35598560356686,1.0,744.0831820218779,0.0,0.09559273719787598
4.0,10.0,30.0,3.0,2.0,249.97132805825265,1.0,542.1108645882573,0.0,0.06456494331359863
4.0,10.0,30.0,3.0,3.0,319.976400520091,1.0,684.518165451646,0.0,0.06806278228759766
4.0,10.0,30.0,3.0,4.0,414.7429866418264,1.0,735.3711935875374,0.0,0.10910987854003906
4.0,10.0,30.0,4.0,0.0,264.5357681853127,1.0,490.76426685191916,0.0,0.15364408493041992
4.0,10.0,30.0,4.0,1.0,233.55571226593204,1.0,687.6456268889706,0.0,0.12570643424987793
4.0,10.0,30.0,4.0,2.0,230.613223062641,1.0,444.6708834656149,0.0,0.11160540580749512
4.0,10.0,30.0,4.0,3.0,256.9718521859852,1.0,530.5867557254999,0.0,0.13062334060668945
4.0,10.0,30.0,4.0,4.0,279.6851848670882,1.0,562.7756462806173,0.0,0.08958649635314941
4.0,10.0,60.0,2.0,0.0,486.82110080121396,2.0,984.0715336081381,0.0,0.24899506568908691
4.0,10.0,60.0,2.0,1.0,428.79573982085765,2.0,1081.339079984613,0.0,0.2071995735168457
4.0,10.0,60.0,2.0,2.0,451.3688694229982,2.0,832.7530913954972,0.0,0.23923230171203613
4.0,10.0,60.0,2.0,3.0,448.57962795276546,2.0,991.0224213553629,0.0,0.311495304107666
4.0,10.0,60.0,2.0,4.0,507.75261568209453,2.0,1053.1716040355466,0.0,0.23696255683898926
4.0,10.0,60.0,3.0,0.0,418.9312726201023,2.0,688.7478716916671,0.0,1.074491024017334
4.0,10.0,60.0,3.0,1.0,262.35598560356686,1.0,744.0831820218779,0.0,0.09058690071105957
4.0,10.0,60.0,3.0,2.0,249.97132805825265,1.0,542.1108645882573,0.0,0.0625312328338623
4.0,10.0,60.0,3.0,3.0,319.976400520091,1.0,684.518165451646,0.0,0.06506180763244629
4.0,10.0,60.0,3.0,4.0,414.7429866418264,1.0,735.3711935875374,0.0,0.07657313346862793
4.0,10.0,60.0,4.0,0.0,264.5357681853127,1.0,490.76426685191916,0.0,0.14705824851989746
4.0,10.0,60.0,4.0,1.0,233.55571226593204,1.0,687.6456268889706,0.0,0.11783504486083984
4.0,10.0,60.0,4.0,2.0,230.613223062641,1.0,444.6708834656149,0.0,0.11360883712768555
4.0,10.0,60.0,4.0,3.0,256.9718521859852,1.0,530.5867557254999,0.0,0.12612366676330566
4.0,10.0,60.0,4.0,4.0,279.6851848670882,1.0,562.7756462806173,0.0,0.07607030868530273
4.0,10.0,90.0,2.0,0.0,516.821100801214,2.0,1060.7035100802746,0.0,0.22192120552062988
4.0,10.0,90.0,2.0,1.0,458.7957398208533,2.0,1134.598467951142,0.0,0.1681652069091797
4.0,10.0,90.0,2.0,2.0,481.36886981904826,2.0,874.2344272082876,0.0,0.19462966918945312
4.0,10.0,90.0,2.0,3.0,478.5796279527654,2.0,1034.8216839868865,0.0,0.34769630432128906
4.0,10.0,90.0,2.0,4.0,537.7526156820946,2.0,1086.1027166955707,0.0,0.16318798065185547
4.0,10.0,90.0,3.0,0.0,448.9312726201022,2.0,730.4703263807204,0.0,1.0918583869934082
4.0,10.0,90.0,3.0,1.0,262.35598560356686,1.0,744.0831820218779,0.0,0.08358001708984375
4.0,10.0,90.0,3.0,2.0,249.97132805825265,1.0,542.1108645882573,0.0,0.06156206130981445
4.0,10.0,90.0,3.0,3.0,319.976400520091,1.0,684.518165451646,0.0,0.06406044960021973
4.0,10.0,90.0,3.0,4.0,414.7429866418264,1.0,735.3711935875374,0.0,0.07457160949707031
4.0,10.0,90.0,4.0,0.0,264.5357681853127,1.0,490.76426685191916,0.0,0.1481459140777588
4.0,10.0,90.0,4.0,1.0,233.55571226593204,1.0,687.6456268889706,0.0,0.11118459701538086
4.0,10.0,90.0,4.0,2.0,230.613223062641,1.0,444.6708834656149,0.0,0.10960578918457031
4.0,10.0,90.0,4.0,3.0,256.9718521859852,1.0,530.5867557254999,0.0,0.14914560317993164
4.0,10.0,90.0,4.0,4.0,279.6851848670882,1.0,562.7756462806173,0.0,0.08558106422424316
4.0,12.0,30.0,2.0,0.0,539.7871017279674,3.0,1044.4614047110717,0.0,1.6928181648254395
4.0,12.0,30.0,2.0,1.0,454.0942081833937,2.0,1138.5628453458157,0.0,0.2778971195220947
4.0,12.0,30.0,2.0,2.0,364.34632243913927,2.0,858.0297967114093,0.0,0.2762174606323242
4.0,12.0,30.0,2.0,3.0,502.76410365735717,2.0,1254.6037952118108,0.0,0.37485408782958984
4.0,12.0,30.0,2.0,4.0,633.17143025923,2.0,1170.4736416514452,0.0,0.3063814640045166
4.0,12.0,30.0,3.0,0.0,406.2984855180479,2.0,694.3084325478857,0.0,1.0671539306640625
4.0,12.0,30.0,3.0,1.0,269.7818115710387,1.0,769.0496287170199,0.0,0.08057975769042969
4.0,12.0,30.0,3.0,2.0,323.569506841726,2.0,633.1373181418031,0.0,0.7858123779296875
4.0,12.0,30.0,3.0,3.0,370.06744063777023,2.0,776.3763909847156,0.0,0.7887556552886963
4.0,12.0,30.0,3.0,4.0,419.4345179234617,2.0,760.9549193615911,0.0,0.5517873764038086
4.0,12.0,30.0,4.0,0.0,349.7170987302565,2.0,589.3353069922774,0.0,1.3742434978485107
4.0,12.0,30.0,4.0,1.0,269.78181157103865,1.0,707.034666244412,0.0,0.12762069702148438
4.0,12.0,30.0,4.0,2.0,239.5523101312057,1.0,481.31132008847703,0.0,0.11714839935302734
4.0,12.0,30.0,4.0,3.0,319.0128865648509,1.0,634.1455066197472,0.0,0.21744179725646973
4.0,12.0,30.0,4.0,4.0,291.0143804842446,1.0,590.7393437105648,0.0,0.11160850524902344
4.0,12.0,60.0,2.0,0.0,599.7871017279673,3.0,1162.8158358722608,0.0,2.257629871368408
4.0,12.0,60.0,2.0,1.0,484.0942081833937,2.0,1191.9722333123827,0.0,0.20219182968139648
4.0,12.0,60.0,2.0,2.0,394.3463224391394,2.0,946.1649947006256,0.0,0.1965792179107666
4.0,12.0,60.0,2.0,3.0,532.7641036573559,2.0,1340.7312819332278,0.0,0.3107948303222656
4.0,12.0,60.0,2.0,4.0,663.1714302592299,2.0,1203.5547543114692,0.0,0.2239997386932373
4.0,12.0,60.0,3.0,0.0,436.2984855180477,2.0,736.0308872369387,0.0,0.8098282814025879
4.0,12.0,60.0,3.0,1.0,269.7818115710387,1.0,769.0496287170199,0.0,0.08007478713989258
4.0,12.0,60.0,3.0,2.0,351.90060138117957,2.0,672.2277276487708,0.0,0.6772499084472656
4.0,12.0,60.0,3.0,3.0,400.06744063777046,2.0,818.9046150746118,0.0,0.7377145290374756
4.0,12.0,60.0,3.0,4.0,449.3636828349685,2.0,793.8586302544093,0.0,0.485689640045166
4.0,12.0,60.0,4.0,0.0,379.7170987302565,2.0,630.8327616813314,0.0,1.651256799697876
4.0,12.0,60.0,4.0,1.0,269.78181157103865,1.0,707.034666244412,0.0,0.12212181091308594
4.0,12.0,60.0,4.0,2.0,239.5523101312057,1.0,481.31132008847703,0.0,0.10860037803649902
4.0,12.0,60.0,4.0,3.0,319.0128865648509,1.0,634.1455066197472,0.0,0.19819164276123047
4.0,12.0,60.0,4.0,4.0,291.0143804842446,1.0,590.7393437105648,0.0,0.12061762809753418
4.0,12.0,90.0,2.0,0.0,659.7871017279674,3.0,1281.1702670334507,0.0,1.419342279434204
4.0,12.0,90.0,2.0,1.0,514.0942081833936,2.0,1245.3816212789493,0.0,0.27248334884643555
4.0,12.0,90.0,2.0,2.0,424.3463224391393,2.0,1034.3001926898417,0.0,0.15566158294677734
4.0,12.0,90.0,2.0,3.0,562.764103657357,2.0,1426.8587686546507,0.0,0.3803684711456299
4.0,12.0,90.0,2.0,4.0,693.17143025923,2.0,1236.6358669714932,0.0,0.16115736961364746
4.0,12.0,90.0,3.0,0.0,466.29848551804764,2.0,777.7533419259921,0.0,0.5878946781158447
4.0,12.0,90.0,3.0,1.0,269.7818115710387,1.0,769.0496287170199,0.0,0.08157944679260254
4.0,12.0,90.0,3.0,2.0,381.9006013811797,2.0,713.6090622980295,0.0,0.47045373916625977
4.0,12.0,90.0,3.0,3.0,430.0674406377704,2.0,861.4328391645084,0.0,0.7329065799713135
4.0,12.0,90.0,3.0,4.0,479.36368283496853,2.0,826.8397429144331,0.0,0.32581210136413574
4.0,12.0,90.0,4.0,0.0,324.4921046838545,2.0,669.193923413516,0.0,1.0783891677856445
4.0,12.0,90.0,4.0,1.0,269.78181157103865,1.0,707.034666244412,0.0,0.12361764907836914
4.0,12.0,90.0,4.0,2.0,239.5523101312057,1.0,481.31132008847703,0.0,0.10121917724609375
4.0,12.0,90.0,4.0,3.0,319.0128865648509,1.0,634.1455066197472,0.0,0.20619797706604004
4.0,12.0,90.0,4.0,4.0,291.0143804842446,1.0,590.7393437105648,0.0,0.11360955238342285
4.0,14.0,30.0,2.0,0.0,565.8379210748856,3.0,1115.385928028979,0.0,1.5034494400024414
4.0,14.0,30.0,2.0,1.0,474.2957283158147,2.0,1186.6101451665,0.0,0.22321462631225586
4.0,14.0,30.0,2.0,2.0,461.7078465849171,2.0,1009.815127370402,0.0,0.16816401481628418
4.0,14.0,30.0,2.0,3.0,541.2729420617285,2.0,1343.716486314161,0.0,0.3291151523590088
4.0,14.0,30.0,2.0,4.0,656.3935645649775,2.0,1320.666967969839,0.0,0.212202787399292
4.0,14.0,30.0,3.0,0.0,438.2250376387889,2.0,861.8114707717765,0.0,1.1110384464263916
4.0,14.0,30.0,3.0,1.0,277.2076375385104,1.0,794.0160754121614,0.0,0.05455470085144043
4.0,14.0,30.0,3.0,2.0,367.5846671171248,2.0,728.9472298565645,0.0,0.9563865661621094
4.0,14.0,30.0,3.0,3.0,390.0156227095586,2.0,825.5038757949317,0.0,0.9539172649383545
4.0,14.0,30.0,3.0,4.0,438.55814925853156,2.0,801.6182891561107,0.0,0.4824693202972412
4.0,14.0,30.0,4.0,0.0,391.95668229356136,2.0,655.2790292400787,0.0,2.3364832401275635
4.0,14.0,30.0,4.0,1.0,277.2076375385104,1.0,726.3228457269231,0.0,0.1316370964050293
4.0,14.0,30.0,4.0,2.0,252.69289824148203,1.0,520.5376160507959,0.0,0.12862348556518555
4.0,14.0,30.0,4.0,3.0,319.8727646636677,1.0,682.977111757207,0.0,0.12712335586547852
4.0,14.0,30.0,4.0,4.0,415.5485202182636,1.0,725.1010021168971,0.0,0.10259771347045898
4.0,14.0,60.0,2.0,0.0,625.8379210748855,3.0,1233.7403591901686,0.0,1.5369925498962402
4.0,14.0,60.0,2.0,1.0,504.2957283158146,2.0,1240.0195331330656,0.0,0.1898331642150879
4.0,14.0,60.0,2.0,2.0,491.70784658491715,2.0,1097.9503253596185,0.0,0.22341227531433105
4.0,14.0,60.0,2.0,3.0,571.2729420617284,2.0,1429.8439730355813,0.0,0.31297850608825684
4.0,14.0,60.0,2.0,4.0,686.3935645649776,2.0,1402.734861224397,0.0,0.3115851879119873
4.0,14.0,60.0,3.0,0.0,468.2250376387888,2.0,938.4434472439125,0.0,1.2803499698638916
4.0,14.0,60.0,3.0,1.0,277.2076375385104,1.0,794.0160754121614,0.0,0.06305670738220215
4.0,14.0,60.0,3.0,2.0,397.58466711712475,2.0,770.2285645058229,0.0,0.6818721294403076
4.0,14.0,60.0,3.0,3.0,420.0156227095586,2.0,868.0320998848281,0.0,0.7037868499755859
4.0,14.0,60.0,3.0,4.0,468.5581492585316,2.0,834.5994018161363,0.0,0.32958245277404785
4.0,14.0,60.0,4.0,0.0,322.5175143573136,2.0,694.098195904325,0.0,2.414654016494751
4.0,14.0,60.0,4.0,1.0,277.2076375385104,1.0,726.3228457269231,0.0,0.12761974334716797
4.0,14.0,60.0,4.0,2.0,252.69289824148203,1.0,520.5376160507959,0.0,0.10460042953491211
4.0,14.0,60.0,4.0,3.0,319.8727646636677,1.0,682.977111757207,0.0,0.1267688274383545
4.0,14.0,60.0,4.0,4.0,415.5485202182636,1.0,725.1010021168971,0.0,0.11056947708129883
4.0,14.0,90.0,2.0,0.0,685.8379210748855,3.0,1352.0947903513581,0.0,1.6510376930236816
4.0,14.0,90.0,2.0,1.0,534.2957283158005,2.0,1293.4289210996067,0.0,0.20887470245361328
4.0,14.0,90.0,2.0,2.0,521.7078465849172,2.0,1186.0855233488346,0.0,0.2118546962738037
4.0,14.0,90.0,2.0,3.0,601.2729420617285,2.0,1515.9714597570012,0.0,0.310805082321167
4.0,14.0,90.0,2.0,4.0,716.3935645649776,2.0,1484.8027544789554,0.0,0.2851996421813965
4.0,14.0,90.0,3.0,0.0,498.2250376387861,2.0,1015.0754237160446,0.0,1.2113919258117676
4.0,14.0,90.0,3.0,1.0,277.2076375385104,1.0,794.0160754121614,0.0,0.05855679512023926
4.0,14.0,90.0,3.0,2.0,427.5846671171248,2.0,811.5098991550813,0.0,0.5560135841369629
4.0,14.0,90.0,3.0,3.0,450.0156227095586,2.0,910.5603239747243,0.0,0.7772829532623291
4.0,14.0,90.0,3.0,4.0,498.5581492585316,2.0,867.5805144761598,0.0,0.29977989196777344
4.0,14.0,90.0,4.0,0.0,340.723622704879,2.0,715.433747102475,0.0,2.286771297454834
4.0,14.0,90.0,4.0,1.0,277.2076375385104,1.0,726.3228457269231,0.0,0.1651625633239746
4.0,14.0,90.0,4.0,2.0,252.69289824148203,1.0,520.5376160507959,0.0,0.11861586570739746
4.0,14.0,90.0,4.0,3.0,319.8727646636677,1.0,682.977111757207,0.0,0.14934706687927246
4.0,14.0,90.0,4.0,4.0,415.5485202182636,1.0,725.1010021168971,0.0,0.10660910606384277
5.0,10.0,30.0,2.0,0.0,498.96594281317317,2.0,1176.0765767943221,0.0,2.6131880283355713
5.0,10.0,30.0,2.0,1.0,486.24805396701913,2.0,1526.3817291080807,0.0,4.731940031051636
5.0,10.0,30.0,2.0,2.0,457.42770065687785,2.0,1358.8566029375793,0.0,2.8102331161499023
5.0,10.0,30.0,2.0,3.0,567.7525539280773,2.0,1724.797547275873,0.0,5.722167253494263
5.0,10.0,30.0,2.0,4.0,651.5603631063561,2.0,1475.565752773588,0.0,3.5776796340942383
5.0,10.0,30.0,3.0,0.0,406.1488996609809,2.0,824.6276117951804,0.0,29.483076095581055
5.0,10.0,30.0,3.0,1.0,339.3337061933985,1.0,1081.6186335850443,0.0,0.3093390464782715
5.0,10.0,30.0,3.0,2.0,347.39831650986173,2.0,948.46461823595,0.0,17.243996620178223
5.0,10.0,30.0,3.0,3.0,403.2265265770461,2.0,1214.6215415679615,0.0,19.471293926239014
5.0,10.0,30.0,3.0,4.0,459.41599691993815,2.0,1019.7851602385978,9.289710207225404e-07,15.370166778564453
5.0,10.0,30.0,4.0,0.0,299.5089965879197,1.0,648.6226346354474,0.0,0.6954753398895264
5.0,10.0,30.0,4.0,1.0,237.17367526038947,1.0,844.6722335316339,0.0,0.6202666759490967
5.0,10.0,30.0,4.0,2.0,249.01487610938602,1.0,746.0891808540541,0.0,0.43094420433044434
5.0,10.0,30.0,4.0,3.0,319.9764005200909,1.0,975.6287465313787,0.0,1.0036518573760986
5.0,10.0,30.0,4.0,4.0,306.73395857400004,1.0,753.1975369413901,0.0,0.48644232749938965
5.0,10.0,60.0,2.0,0.0,528.9659428131732,2.0,1252.7085532664587,0.0,2.997117757797241
5.0,10.0,60.0,2.0,1.0,516.2480539670191,2.0,1616.0360809317888,0.0,3.1131341457366943
5.0,10.0,60.0,2.0,2.0,487.42770065687785,2.0,1454.6536398688938,0.0,4.493074178695679
5.0,10.0,60.0,2.0,3.0,597.7525539280773,2.0,1810.9250339972932,0.0,7.962209224700928
5.0,10.0,60.0,2.0,4.0,681.560363106356,2.0,1543.058563272112,0.0,4.361338376998901
5.0,10.0,60.0,3.0,0.0,436.14889966098093,2.0,866.350066484234,0.0,7.91921591758728
5.0,10.0,60.0,3.0,1.0,339.3337061933985,1.0,1081.6186335850443,0.0,0.2993171215057373
5.0,10.0,60.0,3.0,2.0,377.39831650986173,2.0,989.7459528852083,4.88267713315157e-06,16.873655319213867
5.0,10.0,60.0,3.0,3.0,433.2265265770461,2.0,1258.2208041994854,1.4465312360593055e-06,21.728859186172485
5.0,10.0,60.0,3.0,4.0,489.41599691993815,2.0,1052.6662728986216,3.187293075755148e-06,17.051478385925293
5.0,10.0,60.0,4.0,0.0,299.5089965879197,1.0,648.6226346354474,0.0,0.6956038475036621
5.0,10.0,60.0,4.0,1.0,237.17367526038947,1.0,844.6722335316339,0.0,0.6105833053588867
5.0,10.0,60.0,4.0,2.0,249.01487610938602,1.0,746.0891808540541,0.0,0.4304826259613037
5.0,10.0,60.0,4.0,3.0,319.9764005200909,1.0,975.6287465313787,0.0,1.0144309997558594
5.0,10.0,60.0,4.0,4.0,306.73395857400004,1.0,753.1975369413901,0.0,0.48844408988952637
5.0,10.0,90.0,2.0,0.0,558.9659428131732,2.0,1329.3405297385943,0.0,2.906806468963623
5.0,10.0,90.0,2.0,1.0,578.6254953856042,2.0,1680.4525333847846,0.0,4.402297258377075
5.0,10.0,90.0,2.0,2.0,517.4277006568772,2.0,1548.2350624584874,0.0,1.3441243171691895
5.0,10.0,90.0,2.0,3.0,627.7525539280773,2.0,1897.0525207187134,0.0,6.15825343132019
5.0,10.0,90.0,2.0,4.0,699.8515509338886,2.0,1614.9482640000576,0.0,4.3807213306427
5.0,10.0,90.0,3.0,0.0,466.14889966098093,2.0,908.0725211732876,0.0,10.243410110473633
5.0,10.0,90.0,3.0,1.0,339.3337061933985,1.0,1081.6186335850443,0.0,0.3162877559661865
5.0,10.0,90.0,3.0,2.0,407.39831650986173,2.0,1031.0272875344667,0.0,13.467794418334961
5.0,10.0,90.0,3.0,3.0,463.2265265770461,2.0,1301.8200668310092,0.0,14.483928918838501
5.0,10.0,90.0,3.0,4.0,519.4159969199382,2.0,1085.547385558646,0.0,9.219978094100952
5.0,10.0,90.0,4.0,0.0,299.5089965879197,1.0,648.6226346354474,0.0,0.6927871704101562
5.0,10.0,90.0,4.0,1.0,237.17367526038947,1.0,844.6722335316339,0.0,0.5838072299957275
5.0,10.0,90.0,4.0,2.0,249.01487610938602,1.0,746.0891808540541,0.0,0.4460158348083496
5.0,10.0,90.0,4.0,3.0,319.9764005200909,1.0,975.6287465313787,0.0,0.9902474880218506
5.0,10.0,90.0,4.0,4.0,306.73395857400004,1.0,753.1975369413901,0.0,0.49486374855041504
5.0,12.0,30.0,2.0,0.0,583.2466169801974,3.0,1294.796644923086,0.0,71.7066297531128
5.0,12.0,30.0,2.0,1.0,510.5680294047889,2.0,1587.2386714807221,0.0,2.4040439128875732
5.0,12.0,30.0,2.0,2.0,467.06132189214514,2.0,1519.2191880136902,0.0,3.785025119781494
5.0,12.0,30.0,2.0,3.0,648.9919485205409,3.0,1864.6740238139905,0.0,69.8183982372284
5.0,12.0,30.0,2.0,4.0,641.4436743201711,3.0,1506.367282162253,0.0,31.37272548675537
5.0,12.0,30.0,3.0,0.0,424.90055377489546,2.0,947.7458846514099,0.0,31.035725831985474
5.0,12.0,30.0,3.0,1.0,395.9034061729944,2.0,1175.7945372452589,0.0,7.1293463706970215
5.0,12.0,30.0,3.0,2.0,364.3463224391393,2.0,1062.0725278328114,0.0,45.61458468437195
5.0,12.0,30.0,3.0,3.0,427.48240564035444,2.0,1332.741725852456,0.0,25.405818462371826
5.0,12.0,30.0,3.0,4.0,521.6116704725102,2.0,1082.1850754321986,0.0,29.87772035598755
5.0,12.0,30.0,4.0,0.0,278.7642542415841,2.0,737.6045199238711,0.0,77.96736717224121
5.0,12.0,30.0,4.0,1.0,244.89764681905996,1.0,873.3276252490357,0.0,0.6788723468780518
5.0,12.0,30.0,4.0,2.0,264.40543302088173,1.0,811.5095352358176,0.0,0.5254499912261963
5.0,12.0,30.0,4.0,3.0,358.90925516823637,2.0,1060.102874778003,0.0,48.31812882423401
5.0,12.0,30.0,4.0,4.0,420.004965841834,2.0,862.9050832129756,0.0,39.24940252304077
5.0,12.0,60.0,2.0,0.0,643.2466169801974,3.0,1413.1510760842755,0.0,23.01375150680542
5.0,12.0,60.0,2.0,1.0,540.5680294047888,2.0,1676.89302330443,0.0,2.6488571166992188
5.0,12.0,60.0,2.0,2.0,497.06132189214514,2.0,1659.454473943243,0.0,3.0412440299987793
5.0,12.0,60.0,2.0,3.0,708.9919485205409,3.0,1993.4297346253068,1.3274551389885595e-06,98.0426869392395
5.0,12.0,60.0,2.0,4.0,686.4937840753646,3.0,1609.446720085708,0.0,32.34083366394043
5.0,12.0,60.0,3.0,0.0,454.90055377489546,2.0,1024.3778611235462,0.0,7.511541366577148
5.0,12.0,60.0,3.0,1.0,425.9034061729944,2.0,1229.0039252118252,0.0,8.799954175949097
5.0,12.0,60.0,3.0,2.0,416.04956949407693,2.0,1111.1667654035268,0.0,16.876242637634277
5.0,12.0,60.0,3.0,3.0,457.3696245550198,2.0,1376.2604692141654,0.0,17.13984441757202
5.0,12.0,60.0,3.0,4.0,551.6116704725102,2.0,1115.2661880922224,1.451422240103668e-06,12.981770992279053
5.0,12.0,60.0,4.0,0.0,308.7642542415841,2.0,772.6640417069535,0.0,52.06664776802063
5.0,12.0,60.0,4.0,1.0,244.89764681905996,1.0,873.3276252490357,0.0,0.684624195098877
5.0,12.0,60.0,4.0,2.0,264.40543302088173,1.0,811.5095352358176,0.0,0.5444951057434082
5.0,12.0,60.0,4.0,3.0,388.90925516823637,2.0,1102.5810988678993,0.009302323328598986,57.37635111808777
5.0,12.0,60.0,4.0,4.0,443.80593699353085,2.0,889.0624937710342,1.9001334664135976e-06,29.530407667160034
5.0,12.0,90.0,2.0,0.0,703.2466169801974,3.0,1531.505507245465,1.3255233361472738e-07,29.837209463119507
5.0,12.0,90.0,2.0,1.0,570.5680294047888,2.0,1766.5473751281381,0.0,3.5859522819519043
5.0,12.0,90.0,2.0,2.0,527.0613218921451,2.0,1799.689759872796,0.0,4.627135753631592
5.0,12.0,90.0,2.0,3.0,768.9919485205409,3.0,2122.185445436623,0.0,93.06411790847778
5.0,12.0,90.0,2.0,4.0,746.4937840753646,3.0,1721.8209374732332,1.5645874353583958e-06,51.69297122955322
5.0,12.0,90.0,3.0,0.0,484.9005537748954,2.0,1101.0098375956823,0.0,23.25401759147644
5.0,12.0,90.0,3.0,1.0,455.9034061729944,2.0,1282.2133131783917,0.0,10.901902198791504
5.0,12.0,90.0,3.0,2.0,446.04956949407693,2.0,1152.448100052785,4.4838646883276164e-06,13.110475063323975
5.0,12.0,90.0,3.0,3.0,487.3696245550198,2.0,1419.9597318456892,0.0,29.417844772338867
5.0,12.0,90.0,3.0,4.0,581.61167047251,2.0,1148.3473007522462,0.0,10.193454265594482
5.0,12.0,90.0,4.0,0.0,338.7642542415842,2.0,807.7235634900363,0.0,61.06554889678955
5.0,12.0,90.0,4.0,1.0,244.89764681905996,1.0,873.3276252490357,0.0,0.6796174049377441
5.0,12.0,90.0,4.0,2.0,264.40543302088173,1.0,811.5095352358176,0.0,0.5377695560455322
5.0,12.0,90.0,4.0,3.0,418.90925516823637,2.0,1145.0593229577955,0.0,48.77805733680725
5.0,12.0,90.0,4.0,4.0,473.80593699353085,2.0,921.9936064310581,0.0,27.00520372390747
5.0,14.0,30.0,2.0,0.0,602.3653938549442,3.0,1509.4061489118235,0.0,29.677343368530273
5.0,14.0,30.0,2.0,1.0,512.9971188780082,2.0,1676.1551377296814,0.0,2.8926262855529785
5.0,14.0,30.0,2.0,2.0,552.3547513764006,3.0,1615.907265550633,0.0,132.0591962337494
5.0,14.0,30.0,2.0,3.0,671.1505842249456,3.0,1945.4187040868258,0.0,72.65144467353821
5.0,14.0,30.0,2.0,4.0,683.466756808297,3.0,1633.018445932737,0.0,22.15300750732422
5.0,14.0,30.0,3.0,0.0,463.73925214929284,2.0,1063.820651936221,0.0,26.75164270401001
5.0,14.0,30.0,3.0,1.0,409.22481958182897,2.0,1217.1117654924415,4.0540149489230123e-07,28.050729751586914
5.0,14.0,30.0,3.0,2.0,437.85174462830855,2.0,1174.4868372749743,0.0,36.5696918964386
5.0,14.0,30.0,3.0,3.0,477.05548336717607,2.0,1462.3430858782035,0.0,25.911407232284546
5.0,14.0,30.0,3.0,4.0,533.8428666338477,2.0,1162.2499848366674,0.0,15.376636505126953
5.0,14.0,30.0,4.0,0.0,398.7239024339564,2.0,811.3783655436221,26.387470129943335,128.55755186080933
5.0,14.0,30.0,4.0,1.0,254.92904390261327,1.0,905.8172239676477,0.0,0.3928408622741699
5.0,14.0,30.0,4.0,2.0,338.48771057145177,2.0,891.3330806428148,8.926237515832259e-07,71.69929122924805
5.0,14.0,30.0,4.0,3.0,381.0678908726412,2.0,1120.5958299971267,3.903454614801648e-06,204.3166482448578
5.0,14.0,30.0,4.0,4.0,436.6109669567345,2.0,906.7664083362891,1.3588710156699876e-06,39.98459553718567
5.0,14.0,60.0,2.0,0.0,662.3653938549442,3.0,1677.6520172330834,0.0,56.53494739532471
5.0,14.0,60.0,2.0,1.0,542.9971188780081,2.0,1765.809489553389,0.0,4.2545130252838135
5.0,14.0,60.0,2.0,2.0,612.3547513764006,3.0,1797.473886129444,0.0,56.2790367603302
5.0,14.0,60.0,2.0,3.0,731.1505842249456,3.0,2074.174414898143,0.0,30.145602703094482
5.0,14.0,60.0,2.0,4.0,743.466756808297,3.0,1752.5836850685255,5.113641215935087e-07,49.419841051101685
5.0,14.0,60.0,3.0,0.0,493.73925214929284,2.0,1140.452628408357,0.0,38.37764310836792
5.0,14.0,60.0,3.0,1.0,439.22481958182897,2.0,1270.421153459008,0.0,16.527308702468872
5.0,14.0,60.0,3.0,2.0,415.3091650480292,2.0,1237.1536604704743,0.0,26.358354568481445
5.0,14.0,60.0,3.0,3.0,507.05548336717607,2.0,1542.7803006947067,0.0,74.26101899147034
5.0,14.0,60.0,3.0,4.0,563.8428666338477,2.0,1225.7478229462981,0.0,11.330020904541016
5.0,14.0,60.0,4.0,0.0,343.5300678994995,2.0,852.5896750356058,0.0,86.30761671066284
5.0,14.0,60.0,4.0,1.0,254.92904390261327,1.0,905.8172239676477,0.0,0.38535094261169434
5.0,14.0,60.0,4.0,2.0,368.48771057145177,2.0,932.6644152920733,5.326392800691527e-07,36.368042945861816
5.0,14.0,60.0,4.0,3.0,411.0678908726412,2.0,1163.0740540870231,0.0,55.991570234298706
5.0,14.0,60.0,4.0,4.0,466.6109669567345,2.0,939.6975209963131,0.0,22.38360857963562
5.0,14.0,90.0,2.0,0.0,722.3653938549442,3.0,1845.8978855543428,0.0,46.354326248168945
5.0,14.0,90.0,2.0,1.0,572.9971188780082,2.0,1855.4638413770974,0.0,4.280183792114258
5.0,14.0,90.0,2.0,2.0,672.3547513764006,3.0,1979.0405067082556,0.0,97.00849771499634
5.0,14.0,90.0,2.0,3.0,791.1505842249456,3.0,2202.930125709459,0.0,65.87493395805359
5.0,14.0,90.0,2.0,4.0,803.466756808297,3.0,1872.148924204314,0.0,22.588197946548462
5.0,14.0,90.0,3.0,0.0,523.7392521492928,2.0,1217.084604880493,0.0,21.948548555374146
5.0,14.0,90.0,3.0,1.0,469.22481958182897,2.0,1323.7305414255743,0.0,14.578144073486328
5.0,14.0,90.0,3.0,2.0,434.4036574832835,2.0,1310.218746574897,0.0,24.42630934715271
5.0,14.0,90.0,3.0,3.0,537.0554833671761,2.0,1623.21751551121,0.0,14.105387210845947
5.0,14.0,90.0,3.0,4.0,593.8428666338477,2.0,1289.2456610559288,0.0,19.637139797210693
5.0,14.0,90.0,4.0,0.0,373.5300678994995,2.0,887.6491968186883,0.0,70.20153737068176
5.0,14.0,90.0,4.0,1.0,254.92904390261327,1.0,905.8172239676477,0.0,0.38420629501342773
5.0,14.0,90.0,4.0,2.0,390.64731871107415,2.0,963.9541919316889,0.0,25.735376834869385
5.0,14.0,90.0,4.0,3.0,441.0678908726412,2.0,1205.5522781769191,0.0,22.032704830169678
5.0,14.0,90.0,4.0,4.0,496.6109669567345,2.0,972.6286336563371,0.0,16.13447093963623
6.0,10.0,30.0,2.0,0.0,615.8193903224579,3.0,2046.4672763231843,74.5813606097385,121.76655793190002
6.0,10.0,30.0,2.0,1.0,511.00142324917556,2.0,2056.3920123007583,23.301425835020694,123.98613286018372
6.0,10.0,30.0,2.0,2.0,593.9556895523356,3.0,2174.307263494179,51.52121330108718,188.83154916763306
6.0,10.0,30.0,2.0,3.0,710.0340732276239,3.0,2628.318082866719,70.15409900447118,146.2066240310669
6.0,10.0,30.0,2.0,4.0,791.2925609815849,3.0,2768.221483198983,63.08867813038561,300.04096937179565
6.0,10.0,30.0,3.0,0.0,433.5892044876023,2.0,1238.2790833553104,47.60138227441578,140.4083342552185
6.0,10.0,30.0,3.0,1.0,467.48980662066555,2.0,1510.3284198361223,57.19601317972383,266.51571393013
6.0,10.0,30.0,3.0,2.0,460.82276555036356,2.0,1517.1585312178665,47.80635279256147,120.56803822517395
6.0,10.0,30.0,3.0,3.0,499.7958903769719,2.0,1729.099522430158,35.42550482756951,300.00997376441956
6.0,10.0,30.0,3.0,4.0,600.7760615349767,2.0,1866.2137719773916,61.24212484413773,161.18247485160828
6.0,10.0,30.0,4.0,0.0,395.7348194197867,2.0,1026.2699505826322,62.115403484664256,155.38536596298218
6.0,10.0,30.0,4.0,1.0,260.0352248237512,1.0,1024.4740315828794,0.0,11.788545608520508
6.0,10.0,30.0,4.0,2.0,327.7301541460809,2.0,1167.7985079506138,55.04475344745457,122.51420140266418
6.0,10.0,30.0,4.0,3.0,411.9861718445593,2.0,1434.2163538127113,60.684084391148616,171.39252924919128
6.0,10.0,30.0,4.0,4.0,509.9923539874267,2.0,1373.7673512253218,52.03398197412179,124.34286642074585
6.0,10.0,60.0,2.0,0.0,723.474308467437,3.0,2053.06601187011,65.48367513385308,142.45122814178467
6.0,10.0,60.0,2.0,1.0,541.0014232491774,2.0,2180.1538755897755,45.09964406775907,122.36366534233093
6.0,10.0,60.0,2.0,2.0,648.3345757637487,3.0,2355.9899077733385,53.14703216399167,213.18479537963867
6.0,10.0,60.0,2.0,3.0,729.6915260782963,3.0,2816.5965192075273,69.60491547899301,137.1882004737854
6.0,10.0,60.0,2.0,4.0,841.871492663234,3.0,2915.576609362229,56.02054108038295,138.31341314315796
6.0,10.0,60.0,3.0,0.0,463.5892044876013,2.0,1320.401393255752,34.730534805885824,144.12778234481812
6.0,10.0,60.0,3.0,1.0,482.47285795662765,2.0,1494.517698964652,50.54902775469438,155.53564763069153
6.0,10.0,60.0,3.0,2.0,440.5200599970369,2.0,1617.8771078611344,46.68308968356829,123.76143264770508
6.0,10.0,60.0,3.0,3.0,529.7959068074172,2.0,1808.3500172314334,50.170821867963596,149.16442394256592
6.0,10.0,60.0,3.0,4.0,641.8941609268536,2.0,1907.0350560564411,48.94197580914456,259.1066462993622
6.0,10.0,60.0,4.0,0.0,447.2131755087011,2.0,1073.0673765650267,53.69109002711212,150.02430081367493
6.0,10.0,60.0,4.0,1.0,260.0352248237512,1.0,1024.4740315828794,0.0,11.10181736946106
6.0,10.0,60.0,4.0,2.0,357.73014460496773,2.0,1209.0547620359407,37.962825298150115,300.0400094985962
6.0,10.0,60.0,4.0,3.0,437.7270760697271,2.0,1497.076671059004,54.778400128444375,196.8308494091034
6.0,10.0,60.0,4.0,4.0,543.0706342130766,2.0,1490.7845579080608,57.70517170742537,162.6222653388977
6.0,10.0,90.0,2.0,0.0,783.4903192251546,3.0,2316.8723572377626,73.44410700619946,124.6748673915863
6.0,10.0,90.0,2.0,1.0,639.4590965702314,2.0,2299.1117157041053,33.3598749918152,245.04716444015503
6.0,10.0,90.0,2.0,2.0,668.0734802124462,3.0,2500.0657398802173,64.97420678705646,300.01475167274475
6.0,10.0,90.0,2.0,3.0,884.8585089469948,3.0,2959.0875407456706,65.73231774521936,147.8102068901062
6.0,10.0,90.0,2.0,4.0,963.8415508493929,3.0,3016.9818496162166,47.35902810416006,268.9381856918335
6.0,10.0,90.0,3.0,0.0,493.58920448760193,2.0,1402.5237031562015,47.354478483142266,173.92630314826965
6.0,10.0,90.0,3.0,1.0,510.6262558416955,2.0,1550.7393754293387,57.16613781513751,143.42317724227905
6.0,10.0,90.0,3.0,2.0,481.87442767974426,2.0,1713.329393594413,26.229079117924226,300.0191123485565
6.0,10.0,90.0,3.0,3.0,534.9995215130051,2.0,1888.4278995268119,30.858534271186734,300.0476179122925
6.0,10.0,90.0,3.0,4.0,671.8942712639733,2.0,1970.5332917500482,45.77763397860208,300.01507091522217
6.0,10.0,90.0,4.0,0.0,390.43326518588844,2.0,1104.8732307341804,49.77222908372508,217.21420812606812
6.0,10.0,90.0,4.0,1.0,260.0352248237512,1.0,1024.4740315828794,0.0,10.54281210899353
6.0,10.0,90.0,4.0,2.0,387.7301446049605,2.0,1250.3111306312871,41.350119641644255,247.98856949806213
6.0,10.0,90.0,4.0,3.0,468.79032596081333,2.0,1498.4959518477935,42.449330639703184,171.92679738998413
6.0,10.0,90.0,4.0,4.0,569.9923539874268,2.0,1439.7795568321308,39.23733304908546,213.74858689308167
6.0,12.0,30.0,2.0,0.0,724.6482442134404,3.0,2234.0898723323144,54.318970278317224,122.66626501083374
6.0,12.0,30.0,2.0,1.0,524.5684466108113,2.0,2111.6549046724067,0.0,147.40017366409302
6.0,12.0,30.0,2.0,2.0,612.0598913814354,3.0,2400.9537719314812,50.749393906278414,269.2480607032776
6.0,12.0,30.0,2.0,3.0,788.1689741512256,3.0,2797.8281598065414,67.40864994136837,151.58746981620789
6.0,12.0,30.0,2.0,4.0,850.9895059556309,3.0,2772.4809240004956,54.450370697896155,136.867520570755
6.0,12.0,30.0,3.0,0.0,487.3657781027267,2.0,1478.9413012369173,28.97607612722892,187.71149015426636
6.0,12.0,30.0,3.0,1.0,461.33387058630024,2.0,1480.6684223910586,45.42608117142475,294.3558943271637
6.0,12.0,30.0,3.0,2.0,427.02792737040045,2.0,1656.2186987443954,57.085567367780484,122.67845702171326
6.0,12.0,30.0,3.0,3.0,525.6931473159092,2.0,1921.7262688933336,41.98085961768354,143.16890668869019
6.0,12.0,30.0,3.0,4.0,635.5702271916432,2.0,1983.6147842649673,36.343335950555236,226.43934059143066
6.0,12.0,30.0,4.0,0.0,372.8803222502768,2.0,1162.4989810502373,60.52393180532377,146.6113636493683
6.0,12.0,30.0,4.0,1.0,280.0207971979511,1.0,1077.5065950483306,0.0,9.998492240905762
6.0,12.0,30.0,4.0,2.0,373.15867865424974,2.0,1312.4095615364133,57.34325671589714,157.54441857337952
6.0,12.0,30.0,4.0,3.0,433.2207055413788,2.0,1597.9945561779612,55.4432094098124,211.1496160030365
6.0,12.0,30.0,4.0,4.0,522.7960553037301,2.0,1482.9522892802704,46.16408349207598,246.1886601448059
6.0,12.0,60.0,2.0,0.0,782.9457275610655,3.0,2344.563579734586,46.1133272732642,246.20999693870544
6.0,12.0,60.0,2.0,1.0,554.5684372639874,2.0,2235.4166812366325,24.5566352065728,275.2314260005951
6.0,12.0,60.0,2.0,2.0,710.652411151367,3.0,2652.3049903956357,60.48916424544654,300.0328371524811
6.0,12.0,60.0,2.0,3.0,845.405190039209,3.0,3034.080990671575,61.525285627922024,300.03407073020935
6.0,12.0,60.0,2.0,4.0,910.989505955631,3.0,3008.215675301379,59.625843417675895,129.6441719532013
6.0,12.0,60.0,3.0,0.0,517.3657781027267,2.0,1595.973132920447,28.358279109623457,196.95132899284363
6.0,12.0,60.0,3.0,1.0,491.3338705863,2.0,1534.077810357624,37.657368114008186,300.0390856266022
6.0,12.0,60.0,3.0,2.0,484.17039263765855,2.0,1779.0202782415804,50.86951776962676,152.75791335105896
6.0,12.0,60.0,3.0,3.0,566.7168831923277,2.0,1983.878548692147,37.600020940954565,191.61414337158203
6.0,12.0,60.0,3.0,4.0,671.5503353226254,2.0,2101.2767132814865,43.72447413883263,124.28824949264526
6.0,12.0,60.0,4.0,0.0,427.18224593691104,2.0,1210.6935390651531,61.65584984308947,122.80440473556519
6.0,12.0,60.0,4.0,1.0,280.0207971979511,1.0,1077.5065950483306,0.0,9.86194372177124
6.0,12.0,60.0,4.0,2.0,403.1586632780121,2.0,1353.665793704015,33.36499789829037,271.63444542884827
6.0,12.0,60.0,4.0,3.0,444.82115662430465,2.0,1630.574864159431,57.40402777022289,122.71651339530945
6.0,12.0,60.0,4.0,4.0,470.5438040349415,2.0,1643.8482330533607,57.85358315833964,128.32598662376404
6.0,12.0,90.0,2.0,0.0,842.9457275610652,3.0,2543.7182493452196,37.643728023257864,121.70744633674622
6.0,12.0,90.0,2.0,1.0,584.5684466108113,2.0,2359.1786312504523,0.0,79.27664375305176
6.0,12.0,90.0,2.0,2.0,770.6524180602905,3.0,2888.5077935668573,71.17337943318618,179.4337728023529
6.0,12.0,90.0,2.0,3.0,926.6230523769251,3.0,3155.587664012773,54.35688995406951,207.58623456954956
6.0,12.0,90.0,2.0,4.0,970.9894782665058,3.0,3243.9502872738267,28.651343881160653,300.01408290863037
6.0,12.0,90.0,3.0,0.0,547.3657781027266,2.0,1713.0049646039756,29.428446842733237,163.34164237976074
6.0,12.0,90.0,3.0,1.0,521.3338705862996,2.0,1587.4871983241899,49.709055580322534,158.43396496772766
6.0,12.0,90.0,3.0,2.0,547.8463515508984,2.0,1859.586586297903,0.0,264.3693935871124
6.0,12.0,90.0,3.0,3.0,585.6931473159098,2.0,2080.4271973142013,44.387500461295424,173.52067947387695
6.0,12.0,90.0,3.0,4.0,701.5503145557889,2.0,2192.442508808829,41.50341849037701,142.33201503753662
6.0,12.0,90.0,4.0,0.0,463.97707481560326,2.0,1291.5671583993542,55.3120500463244,127.14657473564148
6.0,12.0,90.0,4.0,1.0,280.0207971979511,1.0,1077.5065950483306,0.0,9.73228669166565
6.0,12.0,90.0,4.0,2.0,433.1586771218181,2.0,1390.145944692826,50.19832857837129,159.4813072681427
6.0,12.0,90.0,4.0,3.0,465.12508468771705,2.0,1680.2560173687405,51.62595363511272,264.4531056880951
6.0,12.0,90.0,4.0,4.0,586.1435613490224,2.0,1606.603856868946,48.14127528259001,216.5645411014557
6.0,14.0,30.0,2.0,0.0,786.2206527208809,4.0,2534.3292595899748,83.6809459740211,126.81594705581665
6.0,14.0,30.0,2.0,1.0,627.5369965556315,3.0,2254.4155596901746,46.421195193496665,300.00771474838257
6.0,14.0,30.0,2.0,2.0,704.6046106042494,3.0,2727.3255531215964,65.86513579940471,126.99537754058838
6.0,14.0,30.0,2.0,3.0,888.4676135438206,4.0,3045.1072624958424,74.9185344427706,128.16930437088013
6.0,14.0,30.0,2.0,4.0,933.5886722316307,4.0,3117.885467302267,81.11833017634267,158.43199181556702
6.0,14.0,30.0,3.0,0.0,596.2246132091509,3.0,1719.8134749474855,70.79431967178172,300.0358142852783
6.0,14.0,30.0,3.0,1.0,468.6920564962093,2.0,1516.5978006181317,43.49534226849672,287.5365161895752
6.0,14.0,30.0,3.0,2.0,506.6506225115092,2.0,1781.3573558654184,32.8042609437706,266.90115189552307
6.0,14.0,30.0,3.0,3.0,630.5842729424257,3.0,2265.9319949568458,70.92119223023563,171.77981424331665
6.0,14.0,30.0,3.0,4.0,702.3556746981922,3.0,2167.676538097272,64.59654182751781,180.51532697677612
6.0,14.0,30.0,4.0,0.0,390.772766824118,2.0,1230.6612552709134,58.263546375930666,143.71836876869202
6.0,14.0,30.0,4.0,1.0,342.2228898839952,2.0,1224.2725803588735,48.583601093853154,236.41038966178894
6.0,14.0,30.0,4.0,2.0,374.4464085337044,2.0,1436.988364087881,65.98418754477296,124.62116146087646
6.0,14.0,30.0,4.0,3.0,461.95435532978104,2.0,1617.6864305974934,59.70876463425525,134.90967226028442
6.0,14.0,30.0,4.0,4.0,537.6134124894754,2.0,1587.6880411813477,46.866748853276086,125.87827229499817
6.0,14.0,60.0,2.0,0.0,880.7811084873938,4.0,2693.6186103162995,81.15919372508345,174.01164031028748
6.0,14.0,60.0,2.0,1.0,687.5369965556318,3.0,2431.4368252857885,69.16555498341535,156.04984092712402
6.0,14.0,60.0,2.0,2.0,722.9749552413226,3.0,2961.7205966349175,53.24548261828148,125.69251275062561
6.0,14.0,60.0,2.0,3.0,976.6763465122078,4.0,3250.2461742691844,83.1624241856755,142.90858101844788
6.0,14.0,60.0,2.0,4.0,1038.3124787387187,4.0,3275.0204471468624,59.41567549688237,247.3281488418579
6.0,14.0,60.0,3.0,0.0,618.6985422454545,3.0,1811.6697441195302,70.30308698681715,235.9904134273529
6.0,14.0,60.0,3.0,1.0,498.69205649620903,2.0,1570.0071885846971,44.798505817084475,300.0237400531769
6.0,14.0,60.0,3.0,2.0,547.3675906442965,2.0,1945.3573302587201,38.57163758100529,153.14543962478638
6.0,14.0,60.0,3.0,3.0,678.4755294314264,3.0,2344.916534211139,76.53236571078303,272.58086490631104
6.0,14.0,60.0,3.0,4.0,724.8539672419122,3.0,2330.591996736589,70.08854490528164,238.16991877555847
6.0,14.0,60.0,4.0,0.0,462.9999156857989,2.0,1305.2060687890398,53.2190126769916,157.7088828086853
6.0,14.0,60.0,4.0,1.0,369.3689661863418,2.0,1257.1445148730395,48.50487836727614,211.7085554599762
6.0,14.0,60.0,4.0,2.0,440.5845610000228,2.0,1504.1092119066057,56.15353409478138,161.52904558181763
6.0,14.0,60.0,4.0,3.0,491.9543489159636,2.0,1696.9618446636196,39.74658416919726,300.0081162452698
6.0,14.0,60.0,4.0,4.0,567.6134124894752,2.0,1651.1858792909786,46.89505238386833,136.59454035758972
6.0,14.0,90.0,2.0,0.0,970.7811104317811,4.0,2984.386664797882,70.88442673423589,126.35814762115479
6.0,14.0,90.0,2.0,1.0,807.6155679973114,3.0,2668.1677068290687,59.522558153639395,122.23198342323303
6.0,14.0,90.0,2.0,2.0,782.9749552413011,3.0,3239.748535191051,58.25937709118172,130.22154021263123
6.0,14.0,90.0,2.0,3.0,1068.4658522557656,4.0,3485.1594084162275,82.15404525970004,234.2221028804779
6.0,14.0,90.0,2.0,4.0,1095.595402516949,4.0,3659.4857886716986,58.01103349878396,300.0058333873749
6.0,14.0,90.0,3.0,0.0,676.6260681218312,3.0,1967.4624688443005,68.49350146101209,300.01396775245667
6.0,14.0,90.0,3.0,1.0,528.6920564962093,2.0,1623.4165765512626,37.682100217657585,300.0174012184143
6.0,14.0,90.0,3.0,2.0,560.5102936267556,2.0,2052.040155621591,45.16069268496851,122.44925832748413
6.0,14.0,90.0,3.0,3.0,741.9170743767618,3.0,2454.5262119860986,71.60379889320222,300.08676528930664
6.0,14.0,90.0,3.0,4.0,818.9348772241642,3.0,2423.9281869845986,62.462008767394536,210.52449345588684
6.0,14.0,90.0,4.0,0.0,450.77276682411804,2.0,1383.9252082151859,50.15066964883007,143.3780062198639
6.0,14.0,90.0,4.0,1.0,399.3689574898217,2.0,1293.464443203282,33.4384001857757,300.02353739738464
6.0,14.0,90.0,4.0,2.0,434.4036574832823,2.0,1571.430792519399,34.939025066364785,300.01373291015625
6.0,14.0,90.0,4.0,3.0,521.9543521228754,2.0,1776.2373226964169,34.93078312280545,300.01013445854187
6.0,14.0,90.0,4.0,4.0,597.6134124894754,2.0,1714.6837174006096,47.459144894274885,159.20863676071167
